Workbook

Sheet  Leave Record - IT
A1: No | B1: Name of Staff | C1: DOJ | D1: Employee Code | E1: Leave | F1: Total | G1: Leave Availed | H1: No | I1: C_Month | J1: C_No | K1: Sick | L1: No | M1: Casual | N1: No | O1: Comp_off | P1: No
A2: 1 | B2: Chandrashekar | C2: 39539 | D2: CNS354 | E2: 2024 | F2: 24 | G2: 01Apr - 11Apr | H2: 8 | I2: Apr | J2: 8 | K2: 45708 | L2: 1 | M2: 45670 | N2: 1
B3: Padashetty | E3: 2025 | F3: 21 | G3: 03Sept - 09Sept | H3: 4 | I3: May | K3: 45799 | L3: 1 | M3: 45671 | N3: 1
G4: 18NOv - 20Nov | H4: 3 | I4: Jun | K4: 45862 | L4: 1 | M4: 45817 | N4: 1
G5: 02Dec - 05Dec | H5: 4 | I5: Jul | K5: 45929 | L5: 1 | M5: 45818 | N5: 1
G6: 22Dec - 23Dec | H6: 2 | I6: Aug | K6: 45936 | L6: 0.5 | M6: 45880 | N6: 1
I7: Sep | J7: 4 | K7: 45954 | L7: 1 | M7: 45881 | N7: 1
I8: Oct | K8: 45959 | L8: 1 | M8: 45919 | N8: 1
I9: Nov | J9: 3 | K9: 45960 | L9: 1 | M9: 46000 | N9: 1
I10: Dec | J10: 6 | K10: 45972 | L10: 1 | M10: 46001 | N10: 1
I11: Jan | K11: 46003 | L11: 1
I12: Feb | K12: 46021 | L12: 0.5
I13: Mar
F14: =SUM(F2:F12) -> 45 | H14: =SUM(H2:H12) -> 21 | J14: =SUM(J2:J13) -> 21 | L14: =SUM(L2:L12) -> 10 | N14: =SUM(N2:N12) -> 9 | P14: =SUM(P2:P12) -> 0
B15: Leave Balance | H15: =SUM(F14-H14) -> 24 | L15: =SUM(10-L14) -> 0 | N15: =SUM(10-N14) -> 1
A18: 2 | B18: Abhijit Bhandal | C18: 39778 | D18: CNS395 | E18: 2024 | F18: 24 | G18: 10Feb - 14Feb | H18: 5 | I18: Apr | K18: 45748 | L18: 1 | M18: 45758 | N18: 1
E19: 2025 | F19: 21 | G19: 21Aug - 04Sep | H19: 10 | I19: May | K19: 45803 | L19: 1 | M19: 45782 | N19: 1
G20: 09Oct - 13Oct | H20: 3 | I20: Jun | K20: 45841 | L20: 1 | M20: 45783 | N20: 1
G21: 29Dec - 31Dec | H21: 3 | I21: Jul | K21: 45912 | L21: 1 | M21: 45918 | N21: 1
I22: Aug | J22: 7 | K22: 45926 | L22: 1 | M22: 45919 | N22: 1
I23: Sep | J23: 4 | K23: 45959 | L23: 1 | M23: 45950 | N23: 1
I24: Oct | J24: 3 | K24: 45960 | L24: 1 | M24: 45954 | N24: 1
I25: Nov | K25: 45979 | L25: 1 | M25: 45989 | N25: 1
I26: Dec | J26: 3 | K26: 45980 | L26: 1 | M26: 45992 | N26: 1
I27: Jan | K27: 45981 | L27: 1 | M27: 45993 | N27: 1
I28: Feb
I29: Mar
F30: =SUM(F18:F27) -> 45 | H30: =SUM(H18:H27) -> 21 | J30: =SUM(J18:J29) -> 17 | L30: =SUM(L18:L27) -> 10 | N30: =SUM(N18:N27) -> 10 | P30: =SUM(P18:P27) -> 0
B31: Leave Balance | H31: =SUM(F30-H30) -> 24 | L31: =SUM(10-L30) -> 0 | N31: =SUM(10-N30) -> 0
A34: 3 | B34: Santosh Kamath | C34: 41683 | D34: CNS741 | E34: 2024 | F34: 23 | G34: 17Feb - 21Feb | H34: 5 | I34: Apr | K34: 45776 | L34: 1 | M34: 45814 | N34: 1
E35: 2025 | F35: 21 | G35: 08Oct - 10Oct | H35: 3 | I35: May | K35: 45798 | L35: 1 | M35: 45828 | N35: 1
G36: 29Oct - 31Oct | H36: 3 | I36: Jun | K36: 45799 | L36: 1 | M36: 45848 | N36: 1
G37: 45967 | H37: 1 | I37: Jul | K37: 45866 | L37: 1 | M37: 45852 | N37: 1
G38: 10Nov - 11Nov | H38: 2 | I38: Aug | K38: 45867 | L38: 1 | M38: 45908 | N38: 1
G39: 45993 | H39: 1 | I39: Sep | K39: 45868 | L39: 1 | M39: 45912 | N39: 1
G40: 15Dec - 19Dec | H40: 5 | I40: Oct | J40: 6 | K40: 45929 | L40: 1 | M40: 45980 | N40: 1
I41: Nov | J41: 3 | K41: 45950 | L41: 1 | M41: 45981 | N41: 1
I42: Dec | J42: 6 | K42: 45995 | L42: 1 | M42: 46021 | N42: 1
I43: Jan | K43: 45996 | L43: 1 | M43: 46022 | N43: 1
I44: Feb
I45: Mar
F46: =SUM(F34:F45) -> 44 | H46: =SUM(H34:H45) -> 20 | J46: =SUM(J34:J45) -> 15 | L46: =SUM(L34:L45) -> 10 | N46: =SUM(N34:N45) -> 10 | P46: =SUM(P34:P45) -> 0
B47: Leave Balance | H47: =SUM(F46-H46) -> 24 | L47: =SUM(10-L46) -> 0 | N47: =SUM(10-N46) -> 0
A50: 4 | B50: Lokesh Poojary | C50: 43087 | D50: CNS1006 | E50: 2024 | F50: 14 | G50: 28Jan - 31Jan | H50: 3 | I50: Apr | K50: 45798 | L50: 1 | M50: 45741 | N50: 1
E51: 2025 | F51: 21 | G51: 22Sep - 24Sep | H51: 3 | I51: May | K51: 45827 | L51: 1 | M51: 45742 | N51: 1
G52: 09Oct - 14Oct | H52: 3.5 | I52: Jun | K52: 45828 | L52: 1 | M52: 45771 | N52: 1
G53: 45961 | H53: 0.5 | I53: Jul | K53: 45854 | L53: 1 | M53: 45772 | N53: 1
G54: 03Nov - 05Nov | H54: 3 | I54: Aug | K54: 45874 | L54: 1 | M54: 45912 | N54: 1
I55: Sep | J55: 3 | K55: 45930 | L55: 0.5 | M55: 45946 | N55: 0.5
I56: Oct | J56: 4 | K56: 45931 | L56: 0.5 | M56: 45950 | N56: 0.5
I57: Nov | J57: 3 | K57: 45938 | L57: 0.5 | M57: 45988 | N57: 1
I58: Dec | K58: 45979 | L58: 1 | M58: 45989 | N58: 1
I59: Jan | K59: 45981 | L59: 0.5 | M59: 45999 | N59: 1
I60: Feb | K60: 46010 | L60: 1 | M60: 46000 | N60: 1
I61: Mar | K61: 46015 | L61: 1
F62: =SUM(F50:F61) -> 35 | H62: =SUM(H50:H61) -> 13 | J62: =SUM(J50:J61) -> 10 | L62: =SUM(L50:L61) -> 10 | N62: =SUM(N50:N61) -> 10 | P62: =SUM(P50:P61) -> 0
B63: Leave Balance | H63: =SUM(F62-H62) -> 22 | L63: =SUM(10-L62) -> 0 | N63: =SUM(10-N62) -> 0
A66: 5 | B66: Pravin Walam | C66: 45663 | D66: CNS1284 | E66: 2025 | F66: 21 | G66: 28Aug - 04Sep | H66: 6 | I66: Apr | K66: 45891 | L66: 0.5 | M66: 45860 | N66: 1
I67: May | K67: 45909 | L67: 0.5 | M67: 45918 | N67: 1
I68: Jun | K68: 45910 | L68: 1 | M68: 45953 | N68: 1
I69: Jul | K69: 45973 | L69: 1 | M69: 45954 | N69: 1
I70: Aug | J70: 2 | K70: 45974 | L70: 1 | M70: 46002 | N70: 1
I71: Sep | J71: 4
I72: Oct
I73: Nov
I74: Dec
I75: Jan
I76: Feb
I77: Mar
F78: =SUM(F66:F77) -> 21 | H78: =SUM(H66:H77) -> 6 | J78: =SUM(J66:J77) -> 6 | L78: =SUM(L66:L77) -> 4 | N78: =SUM(N66:N77) -> 5 | P78: =SUM(P66:P77) -> 0
B79: Leave Balance | H79: =SUM(F78-H78) -> 15 | L79: =SUM(5-L78) -> 1 | N79: =SUM(5-N78) -> 0
A84: No | B84: Name of Staff | C84: DOJ | D84: Employee Code | E84: Leave | F84: Total | G84: Leave Availed | H84: No | K84: Sick | L84: No | M84: Casual | N84: No | O84: Comp_off | P84: No
A85: 6 | B85: Rajesh Kotian | C85: 38596 | D85: CNS116 | E85: 2024 | F85: 21 | G85: 02May - 16May | H85: 11 | K85: 45691 | L85: 0.5 | M85: 45712 | N85: 1 | O85: 45684 | P85: 1 | Q85: 26Jan - PH leave taken on 27Jan
E86: 2025 | F86: 21 | G86: 15Dec - 19Dec | H86: 5 | K86: 45700 | L86: 0.5 | M86: 45834 | N86: 1 | O86: 45763 | P86: 1 | Q86: New Internet Line Fiber Cable Installation (AIRTEL)
G87: 26Dec - 29Dec | H87: 2 | K87: 45729 | L87: 1 | M87: 45835 | N87: 1 | O87: 45764 | P87: 1 | Q87: New Internet Line Fiber Cable Upgradation & MUX installation (TCL)
K88: 45758 | L88: 1 | M88: 45869 | N88: 1 | O88: 45897 | P88: 1 | Q88: 05Jul - Temporary removal of several workstations on the 7th floor office for the LSA event.
K89: 45762 | L89: 1 | M89: 45953 | N89: 1 | O89: 45898 | P89: 1 | Q89: 25Jul - Due to 7F, 26TR AHU Replacement / Installation worked double shift.
K90: 45875 | L90: 0.5 | M90: 45961 | N90: 1
K91: 45881 | L91: 1 | M91: 45971 | N91: 1
K92: 45944 | L92: 0.5 | M92: 45975 | N92: 1
K93: 45947 | L93: 0.5 | M93: 45999 | N93: 1
K94: 45982 | L94: 1 | M94: 46000 | N94: 1
K95: 45995 | L95: 0.5
K96: 46002 | L96: 1
F98: =SUM(F85:F94) -> 42 | H98: =SUM(H85:H94) -> 18 | L98: =SUM(L85:L96) -> 9 | N98: =SUM(N85:N94) -> 10 | P98: =SUM(P85:P94) -> 5
B99: Leave Balance | H99: =SUM(F98-H98) -> 24 | L99: =SUM(10-L98) -> 1 | N99: =SUM(10-N98) -> 0

Sheet Leave Record_FY24-25
B2: Department Name | C2: IT TEAM
B4: APR 2024 - MAR 2025
B6: Employee Code | C6: Names of the Staff | D6: Leave Balance as on 31.03.24 | E6: Add :01.04.24 to 31.03.25 | F6: Total as on 31.03.25 | G6: Less : PL Taken 01.04.24 to 31.03.25 | H6: Closing Balance as on 31.03.25
B10: CNS116 | C10: Rajesh Kotian | D10: 21 | E10: 21 | F10: =D10+E10 -> 42 | G10: 16 | H10: =F10-G10 -> 26
B12: CNS354 | C12: Chandrashekar P | D12: 16 | E12: 21 | F12: =D12+E12 -> 37 | G12: =' Leave Record - IT'!J14 -> 21 | H12: =F12-G12 -> 16
B14: CNS395 | C14: Abhijit Bandal | D14: 20 | E14: 21 | F14: =D14+E14 -> 41 | G14: =' Leave Record - IT'!J30 -> 17 | H14: =F14-G14 -> 24
B16: CNS741 | C16: Santosh Kamath | D16: 22 | E16: 21 | F16: =D16+E16 -> 43 | G16: =' Leave Record - IT'!J46 -> 15 | H16: =F16-G16 -> 28
B18: CNS1006 | C18: Lokesh Poojary | D18: 9 | E18: 21 | F18: =D18+E18 -> 30 | G18: =' Leave Record - IT'!J62 -> 10 | H18: =F18-G18 -> 20
B20: CNS1284 | C20: Pravin Walam | D20: 0 | E20: 5 | F20: =D20+E20 -> 5 | G20: =' Leave Record - IT'!J78 -> 6 | H20: =F20-G20 -> -1
