Workbook

Sheet Sheet1
A1: Sr. No. | B1: User Name | C1: Cathay ID | D1: Email Address | E1: DEPT | F1: CRC_completion | G1: CRC_Expire | H1: CRC_Recert | I1: PPL_completion | J1: PPL_Expire | K1: PPL_Recert
A2: 1 | B2: A Ramesh | C2: V027ARM | D2: V027ARM@cathaypacific.com | E2: FLTB_PRT | F2: 45993 | G2: =IFERROR(IF(Sheet1!$F2="","",Sheet1!$F2+365),"") -> 46358 | H2: =IFERROR(IF(Sheet1!$F2="","",Sheet1!$F2+335),"") -> 46328 | I2: 45961 | J2: =IFERROR(IF(Sheet1!$I2="","",Sheet1!$I2+365),"") -> 46326 | K2: =IFERROR(IF(Sheet1!$I2="","",Sheet1!$I2+305),"") -> 46266
A3: 2 | B3: Aafiya Siddiqui | C3: V027AAA | D3: V027AAA@cathaypacific.com | E3: FOP_NCT | F3: 46116 | G3: =IFERROR(IF(Sheet1!$F3="","",Sheet1!$F3+365),"") -> 46481 | H3: =IFERROR(IF(Sheet1!$F3="","",Sheet1!$F3+335),"") -> 46451 | I3: 46116 | J3: =IFERROR(IF(Sheet1!$I3="","",Sheet1!$I3+365),"") -> 46481 | K3: =IFERROR(IF(Sheet1!$I3="","",Sheet1!$I3+305),"") -> 46421
A4: 3 | B4: Aarti Sehgal | C4: CPPAARS | D4: aarti_sehgal@cathaypacific.com | E4: SSR | F4: 45998 | G4: =IFERROR(IF(Sheet1!$F4="","",Sheet1!$F4+365),"") -> 46363 | H4: =IFERROR(IF(Sheet1!$F4="","",Sheet1!$F4+335),"") -> 46333 | I4: 45992 | J4: =IFERROR(IF(Sheet1!$I4="","",Sheet1!$I4+365),"") -> 46357 | K4: =IFERROR(IF(Sheet1!$I4="","",Sheet1!$I4+305),"") -> 46297
A5: 4 | B5: Aashna Momin | C5: V027AAS | D5: V027AAS@cathaypacific.com | E5: DCQ | F5: 45982 | G5: =IFERROR(IF(Sheet1!$F5="","",Sheet1!$F5+365),"") -> 46347 | H5: =IFERROR(IF(Sheet1!$F5="","",Sheet1!$F5+335),"") -> 46317 | I5: 45918 | J5: =IFERROR(IF(Sheet1!$I5="","",Sheet1!$I5+365),"") -> 46283 | K5: =IFERROR(IF(Sheet1!$I5="","",Sheet1!$I5+305),"") -> 46223
A6: 5 | B6: Abdul Rahman Khan | C6: V027AKT | D6: V027AKT@cathaypacific.com | E6: FLTB_PRT | F6: 45988 | G6: =IFERROR(IF(Sheet1!$F6="","",Sheet1!$F6+365),"") -> 46353 | H6: =IFERROR(IF(Sheet1!$F6="","",Sheet1!$F6+335),"") -> 46323 | I6: 45938 | J6: =IFERROR(IF(Sheet1!$I6="","",Sheet1!$I6+365),"") -> 46303 | K6: =IFERROR(IF(Sheet1!$I6="","",Sheet1!$I6+305),"") -> 46243
A7: 6 | B7: Abhijit Bandal | C7: CPPABB | D7: abhijit_bandal@cathaypacific.com | E7: IT | F7: 46001 | G7: =IFERROR(IF(Sheet1!$F7="","",Sheet1!$F7+365),"") -> 46366 | H7: =IFERROR(IF(Sheet1!$F7="","",Sheet1!$F7+335),"") -> 46336 | I7: 45999 | J7: =IFERROR(IF(Sheet1!$I7="","",Sheet1!$I7+365),"") -> 46364 | K7: =IFERROR(IF(Sheet1!$I7="","",Sheet1!$I7+305),"") -> 46304
A8: 7 | B8: Abhijit Khule | C8: CPPKHUA | D8: abhijit_khule@cathaypacific.com | E8: FARES | F8: 45997 | G8: =IFERROR(IF(Sheet1!$F8="","",Sheet1!$F8+365),"") -> 46362 | H8: =IFERROR(IF(Sheet1!$F8="","",Sheet1!$F8+335),"") -> 46332 | I8: 45940 | J8: =IFERROR(IF(Sheet1!$I8="","",Sheet1!$I8+365),"") -> 46305 | K8: =IFERROR(IF(Sheet1!$I8="","",Sheet1!$I8+305),"") -> 46245
A9: 8 | B9: Abhinay Ahire | C9: CPPAAH | D9: abhinay_ahire@cathaypacific.com | E9: FARES | F9: 45979 | G9: =IFERROR(IF(Sheet1!$F9="","",Sheet1!$F9+365),"") -> 46344 | H9: =IFERROR(IF(Sheet1!$F9="","",Sheet1!$F9+335),"") -> 46314 | I9: 45947 | J9: =IFERROR(IF(Sheet1!$I9="","",Sheet1!$I9+365),"") -> 46312 | K9: =IFERROR(IF(Sheet1!$I9="","",Sheet1!$I9+305),"") -> 46252
A10: 9 | B10: Ajinkya Lepkar | C10: V027AJL | D10: V027AJL@cathaypacific.com | E10: FARES | F10: 45881 | G10: =IFERROR(IF(Sheet1!$F10="","",Sheet1!$F10+365),"") -> 46246 | H10: =IFERROR(IF(Sheet1!$F10="","",Sheet1!$F10+335),"") -> 46216 | I10: 45880 | J10: =IFERROR(IF(Sheet1!$I10="","",Sheet1!$I10+365),"") -> 46245 | K10: =IFERROR(IF(Sheet1!$I10="","",Sheet1!$I10+305),"") -> 46185
A11: 10 | B11: Ajit Babar | C11: CPPAJBR | D11: ajit_babar@cathaypacific.com | E11: FLTB_PRT | F11: 45980 | G11: =IFERROR(IF(Sheet1!$F11="","",Sheet1!$F11+365),"") -> 46345 | H11: =IFERROR(IF(Sheet1!$F11="","",Sheet1!$F11+335),"") -> 46315 | I11: 45932 | J11: =IFERROR(IF(Sheet1!$I11="","",Sheet1!$I11+365),"") -> 46297 | K11: =IFERROR(IF(Sheet1!$I11="","",Sheet1!$I11+305),"") -> 46237
A12: 11 | B12: Akbar Ahmed Hashmi | C12: V027AHA | D12: V027AHA@cathaypacific.com | E12: FARES | F12: 45814 | G12: =IFERROR(IF(Sheet1!$F12="","",Sheet1!$F12+365),"") -> 46179 | H12: =IFERROR(IF(Sheet1!$F12="","",Sheet1!$F12+335),"") -> 46149 | I12: 45806 | J12: =IFERROR(IF(Sheet1!$I12="","",Sheet1!$I12+365),"") -> 46171 | K12: =IFERROR(IF(Sheet1!$I12="","",Sheet1!$I12+305),"") -> 46111
A13: 12 | B13: Akshay Poojari | C13: V027AKP | D13: V027AKP@cathaypacific.com | E13: FARES | F13: 45880 | G13: =IFERROR(IF(Sheet1!$F13="","",Sheet1!$F13+365),"") -> 46245 | H13: =IFERROR(IF(Sheet1!$F13="","",Sheet1!$F13+335),"") -> 46215 | I13: 45880 | J13: =IFERROR(IF(Sheet1!$I13="","",Sheet1!$I13+365),"") -> 46245 | K13: =IFERROR(IF(Sheet1!$I13="","",Sheet1!$I13+305),"") -> 46185
... A50: 49 | B50: Chetan Bavakar | C50: CPPCHBA | D50: chetan_bavakar@cathaypacific.com | E50: FLTB_PRT | F50: 45978 | G50: =IFERROR(IF(Sheet1!$F50="","",Sheet1!$F50+365),"") -> 46343 | H50: =IFERROR(IF(Sheet1!$F50="","",Sheet1!$F50+335),"") -> 46313 | I50: 45918 | J50: =IFERROR(IF(Sheet1!$I50="","",Sheet1!$I50+365),"") -> 46283 | K50: =IFERROR(IF(Sheet1!$I50="","",Sheet1!$I50+305),"") -> 46223
A51: 50 | B51: Clare Noronha | C51: CPPCLN | D51: clare_noronha@cathaypacific.com | E51: OPS | G51: =IFERROR(IF(Sheet1!$F51="","",Sheet1!$F51+365),"") | H51: =IFERROR(IF(Sheet1!$F51="","",Sheet1!$F51+335),"") | J51: =IFERROR(IF(Sheet1!$I51="","",Sheet1!$I51+365),"") | K51: =IFERROR(IF(Sheet1!$I51="","",Sheet1!$I51+305),"")
A52: 51 | B52: Clevita Leitao | C52: V027CLL | D52: v027cll@cathaypacific.com | E52: HtR | F52: 45805 | G52: =IFERROR(IF(Sheet1!$F52="","",Sheet1!$F52+365),"") -> 46170 | H52: =IFERROR(IF(Sheet1!$F52="","",Sheet1!$F52+335),"") -> 46140 | I52: 45803 | J52: =IFERROR(IF(Sheet1!$I52="","",Sheet1!$I52+365),"") -> 46168 | K52: =IFERROR(IF(Sheet1!$I52="","",Sheet1!$I52+305),"") -> 46108
A53: 52 | B53: Daksha Deveriya | C53: V027DDD | D53: v027ddd@cathaypacific.com | E53: HtR | F53: 45995 | G53: =IFERROR(IF(Sheet1!$F53="","",Sheet1!$F53+365),"") -> 46360 | H53: =IFERROR(IF(Sheet1!$F53="","",Sheet1!$F53+335),"") -> 46330 | I53: 45966 | J53: =IFERROR(IF(Sheet1!$I53="","",Sheet1!$I53+365),"") -> 46331 | K53: =IFERROR(IF(Sheet1!$I53="","",Sheet1!$I53+305),"") -> 46271
A54: 53 | B54: Darshan Satra | C54: V027BDS | D54: V027BDS@cathaypacific.com | E54: FLTB_PRT | F54: 46002 | G54: =IFERROR(IF(Sheet1!$F54="","",Sheet1!$F54+365),"") -> 46367 | H54: =IFERROR(IF(Sheet1!$F54="","",Sheet1!$F54+335),"") -> 46337 | I54: 45973 | J54: =IFERROR(IF(Sheet1!$I54="","",Sheet1!$I54+365),"") -> 46338 | K54: =IFERROR(IF(Sheet1!$I54="","",Sheet1!$I54+305),"") -> 46278
A55: 54 | B55: Darshana Chunekar | C55: CPPDHC | D55: darshana_chunekar@cathaypacific.com | E55: FARES | F55: 45985 | G55: =IFERROR(IF(Sheet1!$F55="","",Sheet1!$F55+365),"") -> 46350 | H55: =IFERROR(IF(Sheet1!$F55="","",Sheet1!$F55+335),"") -> 46320 | I55: 45970 | J55: =IFERROR(IF(Sheet1!$I55="","",Sheet1!$I55+365),"") -> 46335 | K55: =IFERROR(IF(Sheet1!$I55="","",Sheet1!$I55+305),"") -> 46275
A56: 55 | B56: Darshana Keni | C56: CPPDAK | D56: darshana_keni@cathaypacific.com | E56: FLTB_PRT | F56: 45988 | G56: =IFERROR(IF(Sheet1!$F56="","",Sheet1!$F56+365),"") -> 46353 | H56: =IFERROR(IF(Sheet1!$F56="","",Sheet1!$F56+335),"") -> 46323 | I56: 45932 | J56: =IFERROR(IF(Sheet1!$I56="","",Sheet1!$I56+365),"") -> 46297 | K56: =IFERROR(IF(Sheet1!$I56="","",Sheet1!$I56+305),"") -> 46237
A57: 56 | B57: Deborah Narayanan | C57: CPPDEN | D57: deborah_narayanan@cathaypacific.com | E57: FARES | F57: 45992 | G57: =IFERROR(IF(Sheet1!$F57="","",Sheet1!$F57+365),"") -> 46357 | H57: =IFERROR(IF(Sheet1!$F57="","",Sheet1!$F57+335),"") -> 46327 | I57: 45975 | J57: =IFERROR(IF(Sheet1!$I57="","",Sheet1!$I57+365),"") -> 46340 | K57: =IFERROR(IF(Sheet1!$I57="","",Sheet1!$I57+305),"") -> 46280
A58: 57 | B58: Deepak Gaikwad | C58: V027DDG | D58: V027DDG@cathaypacific.com | E58: SSR | F58: 45992 | G58: =IFERROR(IF(Sheet1!$F58="","",Sheet1!$F58+365),"") -> 46357 | H58: =IFERROR(IF(Sheet1!$F58="","",Sheet1!$F58+335),"") -> 46327 | I58: 45905 | J58: =IFERROR(IF(Sheet1!$I58="","",Sheet1!$I58+365),"") -> 46270 | K58: =IFERROR(IF(Sheet1!$I58="","",Sheet1!$I58+305),"") -> 46210
A59: 58 | B59: Deepak Pawar | C59: CPPDPAK | D59: deepak_pawar@cathaypacific.com | E59: FARES | F59: 45997 | G59: =IFERROR(IF(Sheet1!$F59="","",Sheet1!$F59+365),"") -> 46362 | H59: =IFERROR(IF(Sheet1!$F59="","",Sheet1!$F59+335),"") -> 46332 | I59: 45952 | J59: =IFERROR(IF(Sheet1!$I59="","",Sheet1!$I59+365),"") -> 46317 | K59: =IFERROR(IF(Sheet1!$I59="","",Sheet1!$I59+305),"") -> 46257
A60: 59 | B60: Deepak Rajguru | C60: CPPDKRU | D60: deepak_rajguru@cathaypacific.com | E60: SSR | F60: 45998 | G60: =IFERROR(IF(Sheet1!$F60="","",Sheet1!$F60+365),"") -> 46363 | H60: =IFERROR(IF(Sheet1!$F60="","",Sheet1!$F60+335),"") -> 46333 | I60: 45943 | J60: =IFERROR(IF(Sheet1!$I60="","",Sheet1!$I60+365),"") -> 46308 | K60: =IFERROR(IF(Sheet1!$I60="","",Sheet1!$I60+305),"") -> 46248
A61: 60 | B61: Deepak Rawat | C61: V027DER | D61: V027DER@cathaypacific.com | E61: FARES | F61: 45960 | G61: =IFERROR(IF(Sheet1!$F61="","",Sheet1!$F61+365),"") -> 46325 | H61: =IFERROR(IF(Sheet1!$F61="","",Sheet1!$F61+335),"") -> 46295 | I61: 45960 | J61: =IFERROR(IF(Sheet1!$I61="","",Sheet1!$I61+365),"") -> 46325 | K61: =IFERROR(IF(Sheet1!$I61="","",Sheet1!$I61+305),"") -> 46265
A62: 61 | B62: Deepika Mayangade | C62: CPPDEEM | D62: deepika_mayangade@cathaypacific.com | E62: FARES | F62: 45997 | G62: =IFERROR(IF(Sheet1!$F62="","",Sheet1!$F62+365),"") -> 46362 | H62: =IFERROR(IF(Sheet1!$F62="","",Sheet1!$F62+335),"") -> 46332 | I62: 45967 | J62: =IFERROR(IF(Sheet1!$I62="","",Sheet1!$I62+365),"") -> 46332 | K62: =IFERROR(IF(Sheet1!$I62="","",Sheet1!$I62+305),"") -> 46272
A63: 62 | B63: Deepti Muranjan | C63: CPPDEM | D63: deepti_muranjan@cathaypacific.com | E63: FLTB_PRT | F63: 45978 | G63: =IFERROR(IF(Sheet1!$F63="","",Sheet1!$F63+365),"") -> 46343 | H63: =IFERROR(IF(Sheet1!$F63="","",Sheet1!$F63+335),"") -> 46313 | I63: 45911 | J63: =IFERROR(IF(Sheet1!$I63="","",Sheet1!$I63+365),"") -> 46276 | K63: =IFERROR(IF(Sheet1!$I63="","",Sheet1!$I63+305),"") -> 46216
... A72: 71 | B72: Durgesh Singh | C72: V027DUS | D72: v027dus@cathaypacific.com | E72: FOP_NCT | F72: 45982 | G72: =IFERROR(IF(Sheet1!$F72="","",Sheet1!$F72+365),"") -> 46347 | H72: =IFERROR(IF(Sheet1!$F72="","",Sheet1!$F72+335),"") -> 46317 | I72: 45982 | J72: =IFERROR(IF(Sheet1!$I72="","",Sheet1!$I72+365),"") -> 46347 | K72: =IFERROR(IF(Sheet1!$I72="","",Sheet1!$I72+305),"") -> 46287
A73: 72 | B73: Dusa Sangthong | C73: CPPDUS | D73: dusa_sangthong@cathaypacific.com | E73: OPS | G73: =IFERROR(IF(Sheet1!$F73="","",Sheet1!$F73+365),"") | H73: =IFERROR(IF(Sheet1!$F73="","",Sheet1!$F73+335),"") | J73: =IFERROR(IF(Sheet1!$I73="","",Sheet1!$I73+365),"") | K73: =IFERROR(IF(Sheet1!$I73="","",Sheet1!$I73+305),"")
A74: 73 | B74: Ellery Mendonsa | C74: CPPELLM | D74: ellery_mendonsa@cathaypacific.com | E74: SSR | F74: 45996 | G74: =IFERROR(IF(Sheet1!$F74="","",Sheet1!$F74+365),"") -> 46361 | H74: =IFERROR(IF(Sheet1!$F74="","",Sheet1!$F74+335),"") -> 46331 | I74: 45911 | J74: =IFERROR(IF(Sheet1!$I74="","",Sheet1!$I74+365),"") -> 46276 | K74: =IFERROR(IF(Sheet1!$I74="","",Sheet1!$I74+305),"") -> 46216
A75: 74 | B75: Elsa D'Costa | C75: CPPELD | D75: elsa_dcosta@cathaypacific.com | E75: PA | G75: =IFERROR(IF(Sheet1!$F75="","",Sheet1!$F75+365),"") | H75: =IFERROR(IF(Sheet1!$F75="","",Sheet1!$F75+335),"") | J75: =IFERROR(IF(Sheet1!$I75="","",Sheet1!$I75+365),"") | K75: =IFERROR(IF(Sheet1!$I75="","",Sheet1!$I75+305),"")
A76: 75 | B76: Faizan Motiwala | C76: V027FFM | D76: v027ffm@cathaypacific.com | E76: FLTB_PRT | F76: 45979 | G76: =IFERROR(IF(Sheet1!$F76="","",Sheet1!$F76+365),"") -> 46344 | H76: =IFERROR(IF(Sheet1!$F76="","",Sheet1!$F76+335),"") -> 46314 | I76: 45910 | J76: =IFERROR(IF(Sheet1!$I76="","",Sheet1!$I76+365),"") -> 46275 | K76: =IFERROR(IF(Sheet1!$I76="","",Sheet1!$I76+305),"") -> 46215
A77: 76 | B77: Faizan Shaikh | C77: V027FAS | D77: V027FAS@cathaypacific.com | E77: FOP_NCT | F77: 45803 | G77: =IFERROR(IF(Sheet1!$F77="","",Sheet1!$F77+365),"") -> 46168 | H77: =IFERROR(IF(Sheet1!$F77="","",Sheet1!$F77+335),"") -> 46138 | I77: 45803 | J77: =IFERROR(IF(Sheet1!$I77="","",Sheet1!$I77+365),"") -> 46168 | K77: =IFERROR(IF(Sheet1!$I77="","",Sheet1!$I77+305),"") -> 46108
A78: 77 | B78: Flavina Fernandes | C78: V027FFF | D78: flavina_fernandes@cathaypacific.com | E78: IET | F78: 45993 | G78: =IFERROR(IF(Sheet1!$F78="","",Sheet1!$F78+365),"") -> 46358 | H78: =IFERROR(IF(Sheet1!$F78="","",Sheet1!$F78+335),"") -> 46328 | I78: 45939 | J78: =IFERROR(IF(Sheet1!$I78="","",Sheet1!$I78+365),"") -> 46304 | K78: =IFERROR(IF(Sheet1!$I78="","",Sheet1!$I78+305),"") -> 46244
A79: 78 | B79: Gayas Sait | C79: V027GAS | D79: V027GAS@cathaypacific.com | E79: FARES | F79: 45957 | G79: =IFERROR(IF(Sheet1!$F79="","",Sheet1!$F79+365),"") -> 46322 | H79: =IFERROR(IF(Sheet1!$F79="","",Sheet1!$F79+335),"") -> 46292 | I79: 45957 | J79: =IFERROR(IF(Sheet1!$I79="","",Sheet1!$I79+365),"") -> 46322 | K79: =IFERROR(IF(Sheet1!$I79="","",Sheet1!$I79+305),"") -> 46262
A80: 79 | B80: Harsha Salekar | C80: V027HHS | D80: V027HHS@cathaypacific.com | E80: SSR | F80: 45948 | G80: =IFERROR(IF(Sheet1!$F80="","",Sheet1!$F80+365),"") -> 46313 | H80: =IFERROR(IF(Sheet1!$F80="","",Sheet1!$F80+335),"") -> 46283 | I80: 45954 | J80: =IFERROR(IF(Sheet1!$I80="","",Sheet1!$I80+365),"") -> 46319 | K80: =IFERROR(IF(Sheet1!$I80="","",Sheet1!$I80+305),"") -> 46259
A81: 80 | B81: Harshada Ghate | C81: V027HHG | D81: harshada_ghate@cathaypacific.com | E81: IET | F81: 45981 | G81: =IFERROR(IF(Sheet1!$F81="","",Sheet1!$F81+365),"") -> 46346 | H81: =IFERROR(IF(Sheet1!$F81="","",Sheet1!$F81+335),"") -> 46316 | I81: 45974 | J81: =IFERROR(IF(Sheet1!$I81="","",Sheet1!$I81+365),"") -> 46339 | K81: =IFERROR(IF(Sheet1!$I81="","",Sheet1!$I81+305),"") -> 46279
A82: 81 | B82: Harshal Karande | C82: V027HHK | D82: v027hhk@cathaypacific.com | E82: FOP_NCT | F82: 45983 | G82: =IFERROR(IF(Sheet1!$F82="","",Sheet1!$F82+365),"") -> 46348 | H82: =IFERROR(IF(Sheet1!$F82="","",Sheet1!$F82+335),"") -> 46318 | I82: 45979 | J82: =IFERROR(IF(Sheet1!$I82="","",Sheet1!$I82+365),"") -> 46344 | K82: =IFERROR(IF(Sheet1!$I82="","",Sheet1!$I82+305),"") -> 46284
A83: 82 | B83: Harvey De Souza | C83: V027HDS | D83: v027hds@cathaypacific.com | E83: DWNL | F83: 45978 | G83: =IFERROR(IF(Sheet1!$F83="","",Sheet1!$F83+365),"") -> 46343 | H83: =IFERROR(IF(Sheet1!$F83="","",Sheet1!$F83+335),"") -> 46313 | I83: 45987 | J83: =IFERROR(IF(Sheet1!$I83="","",Sheet1!$I83+365),"") -> 46352 | K83: =IFERROR(IF(Sheet1!$I83="","",Sheet1!$I83+305),"") -> 46292
A84: 83 | B84: Himanshu Shardule | C84: CPPHUSE | D84: himanshu_shardule@cathaypacific.com | E84: FLTB_PRT | F84: 45979 | G84: =IFERROR(IF(Sheet1!$F84="","",Sheet1!$F84+365),"") -> 46344 | H84: =IFERROR(IF(Sheet1!$F84="","",Sheet1!$F84+335),"") -> 46314 | I84: 45910 | J84: =IFERROR(IF(Sheet1!$I84="","",Sheet1!$I84+365),"") -> 46275 | K84: =IFERROR(IF(Sheet1!$I84="","",Sheet1!$I84+305),"") -> 46215
A85: 84 | B85: Hrishikesh Kelkar | C85: CPPHRKE | D85: hrishikesh_kelkar@cathaypacific.com | E85: FARES | F85: 46003 | G85: =IFERROR(IF(Sheet1!$F85="","",Sheet1!$F85+365),"") -> 46368 | H85: =IFERROR(IF(Sheet1!$F85="","",Sheet1!$F85+335),"") -> 46338 | I85: 45947 | J85: =IFERROR(IF(Sheet1!$I85="","",Sheet1!$I85+365),"") -> 46312 | K85: =IFERROR(IF(Sheet1!$I85="","",Sheet1!$I85+305),"") -> 46252
A86: 85 | B86: Ishan Jathar | C86: V027ISJ | D86: V027ISJ@cathaypacific.com | E86: FLTB_PRT | F86: 45979 | G86: =IFERROR(IF(Sheet1!$F86="","",Sheet1!$F86+365),"") -> 46344 | H86: =IFERROR(IF(Sheet1!$F86="","",Sheet1!$F86+335),"") -> 46314 | I86: 45910 | J86: =IFERROR(IF(Sheet1!$I86="","",Sheet1!$I86+365),"") -> 46275 | K86: =IFERROR(IF(Sheet1!$I86="","",Sheet1!$I86+305),"") -> 46215
A87: 86 | B87: Janhavi Sonawane | C87: CPPJANS | D87: CPPJANS@cathaypacific.com | E87: SSR | F87: 45986 | G87: =IFERROR(IF(Sheet1!$F87="","",Sheet1!$F87+365),"") -> 46351 | H87: =IFERROR(IF(Sheet1!$F87="","",Sheet1!$F87+335),"") -> 46321 | I87: 45919 | J87: =IFERROR(IF(Sheet1!$I87="","",Sheet1!$I87+365),"") -> 46284 | K87: =IFERROR(IF(Sheet1!$I87="","",Sheet1!$I87+305),"") -> 46224
... A98: 97 | B98: Jyotsna Patankar | C98: CPPJYOP | D98: jyotsna_patankar@cathaypacific.com | E98: FARES | F98: 46002 | G98: =IFERROR(IF(Sheet1!$F98="","",Sheet1!$F98+365),"") -> 46367 | H98: =IFERROR(IF(Sheet1!$F98="","",Sheet1!$F98+335),"") -> 46337 | I98: 45967 | J98: =IFERROR(IF(Sheet1!$I98="","",Sheet1!$I98+365),"") -> 46332 | K98: =IFERROR(IF(Sheet1!$I98="","",Sheet1!$I98+305),"") -> 46272
A99: 98 | B99: Kaizad Daruwalla | C99: CPPKAD | D99: kaizad_daruwalla@cathaypacific.com | E99: OPS | G99: =IFERROR(IF(Sheet1!$F99="","",Sheet1!$F99+365),"") | H99: =IFERROR(IF(Sheet1!$F99="","",Sheet1!$F99+335),"") | J99: =IFERROR(IF(Sheet1!$I99="","",Sheet1!$I99+365),"") | K99: =IFERROR(IF(Sheet1!$I99="","",Sheet1!$I99+305),"")
A100: 99 | B100: Kalpesh Deore | C100: V027KAD | D100: v027kad@cathaypacific.com | E100: IET | F100: 45979 | G100: =IFERROR(IF(Sheet1!$F100="","",Sheet1!$F100+365),"") -> 46344 | H100: =IFERROR(IF(Sheet1!$F100="","",Sheet1!$F100+335),"") -> 46314 | I100: 45912 | J100: =IFERROR(IF(Sheet1!$I100="","",Sheet1!$I100+365),"") -> 46277 | K100: =IFERROR(IF(Sheet1!$I100="","",Sheet1!$I100+305),"") -> 46217
A101: 100 | B101: Kanchan Surve | C101: CPPKANS | D101: kanchan_surve@cathaypacific.com | E101: DWNL | F101: 45980 | G101: =IFERROR(IF(Sheet1!$F101="","",Sheet1!$F101+365),"") -> 46345 | H101: =IFERROR(IF(Sheet1!$F101="","",Sheet1!$F101+335),"") -> 46315 | I101: 45992 | J101: =IFERROR(IF(Sheet1!$I101="","",Sheet1!$I101+365),"") -> 46357 | K101: =IFERROR(IF(Sheet1!$I101="","",Sheet1!$I101+305),"") -> 46297
A102: 101 | B102: Karan Badade | C102: V027KKB | D102: V027KKB@cathaypacific.com | E102: DBT | F102: 45793 | G102: =IFERROR(IF(Sheet1!$F102="","",Sheet1!$F102+365),"") -> 46158 | H102: =IFERROR(IF(Sheet1!$F102="","",Sheet1!$F102+335),"") -> 46128 | I102: 45782 | J102: =IFERROR(IF(Sheet1!$I102="","",Sheet1!$I102+365),"") -> 46147 | K102: =IFERROR(IF(Sheet1!$I102="","",Sheet1!$I102+305),"") -> 46087
A103: 102 | B103: Kavita Malandkar | C103: CPPKAMA | D103: kavita_malandkar@cathaypacific.com | E103: FARES | F103: 45983 | G103: =IFERROR(IF(Sheet1!$F103="","",Sheet1!$F103+365),"") -> 46348 | H103: =IFERROR(IF(Sheet1!$F103="","",Sheet1!$F103+335),"") -> 46318 | I103: 45960 | J103: =IFERROR(IF(Sheet1!$I103="","",Sheet1!$I103+365),"") -> 46325 | K103: =IFERROR(IF(Sheet1!$I103="","",Sheet1!$I103+305),"") -> 46265
A104: 103 | B104: Ketan Aloni | C104: V027KEA | D104: V027KEA@cathaypacific.com | E104: FLTB_PRT | F104: 45979 | G104: =IFERROR(IF(Sheet1!$F104="","",Sheet1!$F104+365),"") -> 46344 | H104: =IFERROR(IF(Sheet1!$F104="","",Sheet1!$F104+335),"") -> 46314 | I104: 45930 | J104: =IFERROR(IF(Sheet1!$I104="","",Sheet1!$I104+365),"") -> 46295 | K104: =IFERROR(IF(Sheet1!$I104="","",Sheet1!$I104+305),"") -> 46235
A105: 104 | B105: Ketan Hande | C105: CPPKEHA | D105: ketan_hande@cathaypacific.com | E105: SSR | F105: 45981 | G105: =IFERROR(IF(Sheet1!$F105="","",Sheet1!$F105+365),"") -> 46346 | H105: =IFERROR(IF(Sheet1!$F105="","",Sheet1!$F105+335),"") -> 46316 | I105: 45994 | J105: =IFERROR(IF(Sheet1!$I105="","",Sheet1!$I105+365),"") -> 46359 | K105: =IFERROR(IF(Sheet1!$I105="","",Sheet1!$I105+305),"") -> 46299
A106: 105 | B106: Ketan Shelar | C106: V027KKS | D106: V027KKS@cathaypacific.com | E106: FLTB_PRT | F106: 45980 | G106: =IFERROR(IF(Sheet1!$F106="","",Sheet1!$F106+365),"") -> 46345 | H106: =IFERROR(IF(Sheet1!$F106="","",Sheet1!$F106+335),"") -> 46315 | I106: 45905 | J106: =IFERROR(IF(Sheet1!$I106="","",Sheet1!$I106+365),"") -> 46270 | K106: =IFERROR(IF(Sheet1!$I106="","",Sheet1!$I106+305),"") -> 46210
A107: 106 | B107: Ketan Wadkar | C107: V027KKW | D107: v027kkw@cathaypacific.com | E107: FOP_NCT | F107: 45978 | G107: =IFERROR(IF(Sheet1!$F107="","",Sheet1!$F107+365),"") -> 46343 | H107: =IFERROR(IF(Sheet1!$F107="","",Sheet1!$F107+335),"") -> 46313 | I107: 45954 | J107: =IFERROR(IF(Sheet1!$I107="","",Sheet1!$I107+365),"") -> 46319 | K107: =IFERROR(IF(Sheet1!$I107="","",Sheet1!$I107+305),"") -> 46259
A108: 107 | B108: Khan Israr | C108: CPPKHAI | D108: khan_israr@cathaypacific.com | E108: FLTB_PRT | F108: 45979 | G108: =IFERROR(IF(Sheet1!$F108="","",Sheet1!$F108+365),"") -> 46344 | H108: =IFERROR(IF(Sheet1!$F108="","",Sheet1!$F108+335),"") -> 46314 | I108: 45910 | J108: =IFERROR(IF(Sheet1!$I108="","",Sheet1!$I108+365),"") -> 46275 | K108: =IFERROR(IF(Sheet1!$I108="","",Sheet1!$I108+305),"") -> 46215
A109: 108 | B109: Kiran Gambhir | C109: CPPKIGA | D109: kiran_gambhir@cathaypacific.com | E109: FLTB_PRT | F109: 45987 | G109: =IFERROR(IF(Sheet1!$F109="","",Sheet1!$F109+365),"") -> 46352 | H109: =IFERROR(IF(Sheet1!$F109="","",Sheet1!$F109+335),"") -> 46322 | I109: 45939 | J109: =IFERROR(IF(Sheet1!$I109="","",Sheet1!$I109+365),"") -> 46304 | K109: =IFERROR(IF(Sheet1!$I109="","",Sheet1!$I109+305),"") -> 46244
A110: 109 | B110: Kiran Lad | C110: V027KIL | D110: v027kil@cathaypacific.com | E110: FOP_NCT | F110: 45979 | G110: =IFERROR(IF(Sheet1!$F110="","",Sheet1!$F110+365),"") -> 46344 | H110: =IFERROR(IF(Sheet1!$F110="","",Sheet1!$F110+335),"") -> 46314 | I110: 45955 | J110: =IFERROR(IF(Sheet1!$I110="","",Sheet1!$I110+365),"") -> 46320 | K110: =IFERROR(IF(Sheet1!$I110="","",Sheet1!$I110+305),"") -> 46260
A111: 110 | B111: Krishna Kumar | C111: CPPKRK | D111: krishna_kumar@cathaypacific.com | E111: FLTB_PRT | F111: 45996 | G111: =IFERROR(IF(Sheet1!$F111="","",Sheet1!$F111+365),"") -> 46361 | H111: =IFERROR(IF(Sheet1!$F111="","",Sheet1!$F111+335),"") -> 46331 | I111: 45936 | J111: =IFERROR(IF(Sheet1!$I111="","",Sheet1!$I111+365),"") -> 46301 | K111: =IFERROR(IF(Sheet1!$I111="","",Sheet1!$I111+305),"") -> 46241
... A124: 123 | B124: Mandar Warang | C124: CPPMANW | D124: mandar_warang@cathaypacific.com | E124: SSR | F124: 45987 | G124: =IFERROR(IF(Sheet1!$F124="","",Sheet1!$F124+365),"") -> 46352 | H124: =IFERROR(IF(Sheet1!$F124="","",Sheet1!$F124+335),"") -> 46322 | I124: 45942 | J124: =IFERROR(IF(Sheet1!$I124="","",Sheet1!$I124+365),"") -> 46307 | K124: =IFERROR(IF(Sheet1!$I124="","",Sheet1!$I124+305),"") -> 46247
A125: 124 | B125: Manisha Kapoor | C125: CPPMAK | D125: manisha_kapoor@cathaypacific.com | E125: MNG. | G125: =IFERROR(IF(Sheet1!$F125="","",Sheet1!$F125+365),"") | H125: =IFERROR(IF(Sheet1!$F125="","",Sheet1!$F125+335),"") | J125: =IFERROR(IF(Sheet1!$I125="","",Sheet1!$I125+365),"") | K125: =IFERROR(IF(Sheet1!$I125="","",Sheet1!$I125+305),"")
A126: 125 | B126: Manjrekar Yashashree | C126: CPPYMA | D126: yashashree_manjrekar@cathaypacific.com | E126: FARES | F126: 46001 | G126: =IFERROR(IF(Sheet1!$F126="","",Sheet1!$F126+365),"") -> 46366 | H126: =IFERROR(IF(Sheet1!$F126="","",Sheet1!$F126+335),"") -> 46336 | I126: 45947 | J126: =IFERROR(IF(Sheet1!$I126="","",Sheet1!$I126+365),"") -> 46312 | K126: =IFERROR(IF(Sheet1!$I126="","",Sheet1!$I126+305),"") -> 46252
A127: 126 | B127: Manoj Nimse | C127: CPPMANI | D127: manoj_nimse@cathaypacific.com | E127: FARES | F127: 46002 | G127: =IFERROR(IF(Sheet1!$F127="","",Sheet1!$F127+365),"") -> 46367 | H127: =IFERROR(IF(Sheet1!$F127="","",Sheet1!$F127+335),"") -> 46337 | I127: 45990 | J127: =IFERROR(IF(Sheet1!$I127="","",Sheet1!$I127+365),"") -> 46355 | K127: =IFERROR(IF(Sheet1!$I127="","",Sheet1!$I127+305),"") -> 46295
A128: 127 | B128: Manoj Patil | C128: CPPMANP | D128: manoj_patil@cathaypacific.com | E128: FARES | F128: 45983 | G128: =IFERROR(IF(Sheet1!$F128="","",Sheet1!$F128+365),"") -> 46348 | H128: =IFERROR(IF(Sheet1!$F128="","",Sheet1!$F128+335),"") -> 46318 | I128: 45982 | J128: =IFERROR(IF(Sheet1!$I128="","",Sheet1!$I128+365),"") -> 46347 | K128: =IFERROR(IF(Sheet1!$I128="","",Sheet1!$I128+305),"") -> 46287
A129: 128 | B129: Manoj Salunke | C129: CPPMSA | D129: cppmsa@cathaypacific.com | E129: SSR | F129: 45979 | G129: =IFERROR(IF(Sheet1!$F129="","",Sheet1!$F129+365),"") -> 46344 | H129: =IFERROR(IF(Sheet1!$F129="","",Sheet1!$F129+335),"") -> 46314 | I129: 45915 | J129: =IFERROR(IF(Sheet1!$I129="","",Sheet1!$I129+365),"") -> 46280 | K129: =IFERROR(IF(Sheet1!$I129="","",Sheet1!$I129+305),"") -> 46220
A130: 129 | B130: Marlyn Fernandes | C130: V027MFD | D130: v027mfd@cathaypacific.com | E130: FOP_NCT | F130: 45981 | G130: =IFERROR(IF(Sheet1!$F130="","",Sheet1!$F130+365),"") -> 46346 | H130: =IFERROR(IF(Sheet1!$F130="","",Sheet1!$F130+335),"") -> 46316 | I130: 45974 | J130: =IFERROR(IF(Sheet1!$I130="","",Sheet1!$I130+365),"") -> 46339 | K130: =IFERROR(IF(Sheet1!$I130="","",Sheet1!$I130+305),"") -> 46279
A131: 130 | B131: Martina Gandhi | C131: V027MAG | D131: martina_gandhi@cathaypacific.com | E131: MNG. | G131: =IFERROR(IF(Sheet1!$F131="","",Sheet1!$F131+365),"") | H131: =IFERROR(IF(Sheet1!$F131="","",Sheet1!$F131+335),"") | J131: =IFERROR(IF(Sheet1!$I131="","",Sheet1!$I131+365),"") | K131: =IFERROR(IF(Sheet1!$I131="","",Sheet1!$I131+305),"")
A132: 131 | B132: Martina Parampogu | C132: V027MMP | D132: v027mmp@cathaypacific.com | E132: IET | F132: 45979 | G132: =IFERROR(IF(Sheet1!$F132="","",Sheet1!$F132+365),"") -> 46344 | H132: =IFERROR(IF(Sheet1!$F132="","",Sheet1!$F132+335),"") -> 46314 | I132: 45960 | J132: =IFERROR(IF(Sheet1!$I132="","",Sheet1!$I132+365),"") -> 46325 | K132: =IFERROR(IF(Sheet1!$I132="","",Sheet1!$I132+305),"") -> 46265
A133: 132 | B133: Maxson D'Britto | C133: CPPMDBA | D133: maxson_dbritto@cathaypacific.com | E133: SSR | F133: 45985 | G133: =IFERROR(IF(Sheet1!$F133="","",Sheet1!$F133+365),"") -> 46350 | H133: =IFERROR(IF(Sheet1!$F133="","",Sheet1!$F133+335),"") -> 46320 | I133: 45992 | J133: =IFERROR(IF(Sheet1!$I133="","",Sheet1!$I133+365),"") -> 46357 | K133: =IFERROR(IF(Sheet1!$I133="","",Sheet1!$I133+305),"") -> 46297
A134: 133 | B134: Maya Makwana | C134: V027MAM | D134: v027mam@cathaypacific.com | E134: HtR | F134: 45995 | G134: =IFERROR(IF(Sheet1!$F134="","",Sheet1!$F134+365),"") -> 46360 | H134: =IFERROR(IF(Sheet1!$F134="","",Sheet1!$F134+335),"") -> 46330 | I134: 45966 | J134: =IFERROR(IF(Sheet1!$I134="","",Sheet1!$I134+365),"") -> 46331 | K134: =IFERROR(IF(Sheet1!$I134="","",Sheet1!$I134+305),"") -> 46271
A135: 134 | B135: Mayuri Joshi | C135: V027MMJ | D135: v027mmj@cathaypacific.com | E135: FOP_NCT | F135: 45979 | G135: =IFERROR(IF(Sheet1!$F135="","",Sheet1!$F135+365),"") -> 46344 | H135: =IFERROR(IF(Sheet1!$F135="","",Sheet1!$F135+335),"") -> 46314 | I135: 45959 | J135: =IFERROR(IF(Sheet1!$I135="","",Sheet1!$I135+365),"") -> 46324 | K135: =IFERROR(IF(Sheet1!$I135="","",Sheet1!$I135+305),"") -> 46264
A136: 135 | B136: Megha Zunjarrao | C136: CPPZMEA | D136: megha_zunjarrao@cathaypacific.com | E136: FARES | F136: 45980 | G136: =IFERROR(IF(Sheet1!$F136="","",Sheet1!$F136+365),"") -> 46345 | H136: =IFERROR(IF(Sheet1!$F136="","",Sheet1!$F136+335),"") -> 46315 | I136: 45942 | J136: =IFERROR(IF(Sheet1!$I136="","",Sheet1!$I136+365),"") -> 46307 | K136: =IFERROR(IF(Sheet1!$I136="","",Sheet1!$I136+305),"") -> 46247
A137: 136 | B137: Michael Joseph | C137: CPPJMM | D137: michael_joseph@cathaypacific.com | E137: FARES | F137: 45997 | G137: =IFERROR(IF(Sheet1!$F137="","",Sheet1!$F137+365),"") -> 46362 | H137: =IFERROR(IF(Sheet1!$F137="","",Sheet1!$F137+335),"") -> 46332 | I137: 45947 | J137: =IFERROR(IF(Sheet1!$I137="","",Sheet1!$I137+365),"") -> 46312 | K137: =IFERROR(IF(Sheet1!$I137="","",Sheet1!$I137+305),"") -> 46252
A138: 137 | B138: Minal Potphode | C138: CPPMIPO | D138: minal_potphode@cathaypacific.com | E138: CHL | F138: 45982 | G138: =IFERROR(IF(Sheet1!$F138="","",Sheet1!$F138+365),"") -> 46347 | H138: =IFERROR(IF(Sheet1!$F138="","",Sheet1!$F138+335),"") -> 46317 | I138: 45919 | J138: =IFERROR(IF(Sheet1!$I138="","",Sheet1!$I138+365),"") -> 46284 | K138: =IFERROR(IF(Sheet1!$I138="","",Sheet1!$I138+305),"") -> 46224
A139: 138 | B139: Mita Engineer | C139: V027MIE | D139: V027MIE@cathaypacific.com | E139: FARES | F139: 45994 | G139: =IFERROR(IF(Sheet1!$F139="","",Sheet1!$F139+365),"") -> 46359 | H139: =IFERROR(IF(Sheet1!$F139="","",Sheet1!$F139+335),"") -> 46329 | I139: 45982 | J139: =IFERROR(IF(Sheet1!$I139="","",Sheet1!$I139+365),"") -> 46347 | K139: =IFERROR(IF(Sheet1!$I139="","",Sheet1!$I139+305),"") -> 46287
A140: 139 | B140: Mitra Naimi | C140: CPPMITN | D140: mitra_naimi@cathaypacific.com | E140: FOP_NCT | F140: 45995 | G140: =IFERROR(IF(Sheet1!$F140="","",Sheet1!$F140+365),"") -> 46360 | H140: =IFERROR(IF(Sheet1!$F140="","",Sheet1!$F140+335),"") -> 46330 | I140: 45966 | J140: =IFERROR(IF(Sheet1!$I140="","",Sheet1!$I140+365),"") -> 46331 | K140: =IFERROR(IF(Sheet1!$I140="","",Sheet1!$I140+305),"") -> 46271
A141: 140 | B141: Mohammad Adil Babuji | C141: V027MOB | D141: V027MOB@cathaypacific.com | E141: FLTB_PRT | F141: 45881 | G141: =IFERROR(IF(Sheet1!$F141="","",Sheet1!$F141+365),"") -> 46246 | H141: =IFERROR(IF(Sheet1!$F141="","",Sheet1!$F141+335),"") -> 46216 | I141: 45876 | J141: =IFERROR(IF(Sheet1!$I141="","",Sheet1!$I141+365),"") -> 46241 | K141: =IFERROR(IF(Sheet1!$I141="","",Sheet1!$I141+305),"") -> 46181
A142: 141 | B142: Mohammed Nadeem Shaikh | C142: V027MMS | D142: v027mms@cathaypacific.com | E142: FLTB_PRT | F142: 45986 | G142: =IFERROR(IF(Sheet1!$F142="","",Sheet1!$F142+365),"") -> 46351 | H142: =IFERROR(IF(Sheet1!$F142="","",Sheet1!$F142+335),"") -> 46321 | I142: 45926 | J142: =IFERROR(IF(Sheet1!$I142="","",Sheet1!$I142+365),"") -> 46291 | K142: =IFERROR(IF(Sheet1!$I142="","",Sheet1!$I142+305),"") -> 46231
A143: 142 | B143: Monali More | C143: V027MOM | D143: V027MOM@cathaypacific.com | E143: FLTB_PRT | F143: 45979 | G143: =IFERROR(IF(Sheet1!$F143="","",Sheet1!$F143+365),"") -> 46344 | H143: =IFERROR(IF(Sheet1!$F143="","",Sheet1!$F143+335),"") -> 46314 | I143: 45911 | J143: =IFERROR(IF(Sheet1!$I143="","",Sheet1!$I143+365),"") -> 46276 | K143: =IFERROR(IF(Sheet1!$I143="","",Sheet1!$I143+305),"") -> 46216
... A155: 154 | B155: Nikita Manjarekar | C155: CPPMNN | D155: nikita_manjarekar@cathaypacific.com | E155: FIN | F155: 45998 | G155: =IFERROR(IF(Sheet1!$F155="","",Sheet1!$F155+365),"") -> 46363 | H155: =IFERROR(IF(Sheet1!$F155="","",Sheet1!$F155+335),"") -> 46333 | I155: 45997 | J155: =IFERROR(IF(Sheet1!$I155="","",Sheet1!$I155+365),"") -> 46362 | K155: =IFERROR(IF(Sheet1!$I155="","",Sheet1!$I155+305),"") -> 46302
A156: 155 | B156: Nilesh Bulsara | C156: CPPNILB | D156: nilesh_bulsara@cathaypacific.com | E156: OPS | G156: =IFERROR(IF(Sheet1!$F156="","",Sheet1!$F156+365),"") | H156: =IFERROR(IF(Sheet1!$F156="","",Sheet1!$F156+335),"") | J156: =IFERROR(IF(Sheet1!$I156="","",Sheet1!$I156+365),"") | K156: =IFERROR(IF(Sheet1!$I156="","",Sheet1!$I156+305),"")
A157: 156 | B157: Nilesh Raghavan | C157: CPPNILR | D157: nilesh_raghavan@cathaypacific.com | E157: SSR | F157: 45983 | G157: =IFERROR(IF(Sheet1!$F157="","",Sheet1!$F157+365),"") -> 46348 | H157: =IFERROR(IF(Sheet1!$F157="","",Sheet1!$F157+335),"") -> 46318 | I157: 45992 | J157: =IFERROR(IF(Sheet1!$I157="","",Sheet1!$I157+365),"") -> 46357 | K157: =IFERROR(IF(Sheet1!$I157="","",Sheet1!$I157+305),"") -> 46297
A158: 157 | B158: Nilufer Badhniwalla | C158: CPPNIB | D158: nilufer_badhniwalla@cathaypacific.com | E158: FARES | F158: 45978 | G158: =IFERROR(IF(Sheet1!$F158="","",Sheet1!$F158+365),"") -> 46343 | H158: =IFERROR(IF(Sheet1!$F158="","",Sheet1!$F158+335),"") -> 46313 | I158: 45993 | J158: =IFERROR(IF(Sheet1!$I158="","",Sheet1!$I158+365),"") -> 46358 | K158: =IFERROR(IF(Sheet1!$I158="","",Sheet1!$I158+305),"") -> 46298
A159: 158 | B159: Niteen Bhosale | C159: V027NIB | D159: v027nib@cathaypacific.com | E159: FOP_NCT | F159: 45983 | G159: =IFERROR(IF(Sheet1!$F159="","",Sheet1!$F159+365),"") -> 46348 | H159: =IFERROR(IF(Sheet1!$F159="","",Sheet1!$F159+335),"") -> 46318 | I159: 45936 | J159: =IFERROR(IF(Sheet1!$I159="","",Sheet1!$I159+365),"") -> 46301 | K159: =IFERROR(IF(Sheet1!$I159="","",Sheet1!$I159+305),"") -> 46241
A160: 159 | B160: Nitesh Kadam | C160: V027NIK | D160: V027NIK@cathaypacific.com | E160: SSR | F160: 45989 | G160: =IFERROR(IF(Sheet1!$F160="","",Sheet1!$F160+365),"") -> 46354 | H160: =IFERROR(IF(Sheet1!$F160="","",Sheet1!$F160+335),"") -> 46324 | I160: 45989 | J160: =IFERROR(IF(Sheet1!$I160="","",Sheet1!$I160+365),"") -> 46354 | K160: =IFERROR(IF(Sheet1!$I160="","",Sheet1!$I160+305),"") -> 46294
A161: 160 | B161: Nitesh Kadam | C161: V027KAN | D161: V027KAN@cathaypacific.com | E161: DBT | F161: 45958 | G161: =IFERROR(IF(Sheet1!$F161="","",Sheet1!$F161+365),"") -> 46323 | H161: =IFERROR(IF(Sheet1!$F161="","",Sheet1!$F161+335),"") -> 46293 | I161: 45958 | J161: =IFERROR(IF(Sheet1!$I161="","",Sheet1!$I161+365),"") -> 46323 | K161: =IFERROR(IF(Sheet1!$I161="","",Sheet1!$I161+305),"") -> 46263
A162: 161 | B162: Nitesh Poojary | C162: V027NNP | D162: nitesh_poojary@cathaypacific.com | E162: DCQ | F162: 45979 | G162: =IFERROR(IF(Sheet1!$F162="","",Sheet1!$F162+365),"") -> 46344 | H162: =IFERROR(IF(Sheet1!$F162="","",Sheet1!$F162+335),"") -> 46314 | I162: 45918 | J162: =IFERROR(IF(Sheet1!$I162="","",Sheet1!$I162+365),"") -> 46283 | K162: =IFERROR(IF(Sheet1!$I162="","",Sheet1!$I162+305),"") -> 46223
A163: 162 | B163: Nitin Bhise | C163: V027NBE | D163: V027NBE@cathaypacific.com | E163: FLTB_PRT | F163: 45979 | G163: =IFERROR(IF(Sheet1!$F163="","",Sheet1!$F163+365),"") -> 46344 | H163: =IFERROR(IF(Sheet1!$F163="","",Sheet1!$F163+335),"") -> 46314 | I163: 45902 | J163: =IFERROR(IF(Sheet1!$I163="","",Sheet1!$I163+365),"") -> 46267 | K163: =IFERROR(IF(Sheet1!$I163="","",Sheet1!$I163+305),"") -> 46207
A164: 163 | B164: Nitin Hangekar | C164: V027NNH | D164: nitin_hangekar@cathaypacific.com | E164: DCQ | F164: 45978 | G164: =IFERROR(IF(Sheet1!$F164="","",Sheet1!$F164+365),"") -> 46343 | H164: =IFERROR(IF(Sheet1!$F164="","",Sheet1!$F164+335),"") -> 46313 | I164: 45919 | J164: =IFERROR(IF(Sheet1!$I164="","",Sheet1!$I164+365),"") -> 46284 | K164: =IFERROR(IF(Sheet1!$I164="","",Sheet1!$I164+305),"") -> 46224
A165: 164 | B165: Nitin Sondkar | C165: V027NIT | D165: v027nit@cathaypacific.com | E165: FARES | F165: 46007 | G165: =IFERROR(IF(Sheet1!$F165="","",Sheet1!$F165+365),"") -> 46372 | H165: =IFERROR(IF(Sheet1!$F165="","",Sheet1!$F165+335),"") -> 46342 | I165: 45972 | J165: =IFERROR(IF(Sheet1!$I165="","",Sheet1!$I165+365),"") -> 46337 | K165: =IFERROR(IF(Sheet1!$I165="","",Sheet1!$I165+305),"") -> 46277
A166: 165 | B166: Nuzah Roghay | C166: CPPNUR | D166: nuzah_roghay@cathaypacific.com | E166: IET | F166: 45996 | G166: =IFERROR(IF(Sheet1!$F166="","",Sheet1!$F166+365),"") -> 46361 | H166: =IFERROR(IF(Sheet1!$F166="","",Sheet1!$F166+335),"") -> 46331 | I166: 45969 | J166: =IFERROR(IF(Sheet1!$I166="","",Sheet1!$I166+365),"") -> 46334 | K166: =IFERROR(IF(Sheet1!$I166="","",Sheet1!$I166+305),"") -> 46274
A167: 166 | B167: Pascol D'Souza | C167: CPPPDAS | D167: pascol_souza@cathaypacific.com | E167: IET | F167: 45978 | G167: =IFERROR(IF(Sheet1!$F167="","",Sheet1!$F167+365),"") -> 46343 | H167: =IFERROR(IF(Sheet1!$F167="","",Sheet1!$F167+335),"") -> 46313 | I167: 45973 | J167: =IFERROR(IF(Sheet1!$I167="","",Sheet1!$I167+365),"") -> 46338 | K167: =IFERROR(IF(Sheet1!$I167="","",Sheet1!$I167+305),"") -> 46278
A168: 167 | B168: Pooja Jethva | C168: V027POJ | D168: V027POJ@cathaypacific.com | E168: FIN | F168: 45971 | G168: =IFERROR(IF(Sheet1!$F168="","",Sheet1!$F168+365),"") -> 46336 | H168: =IFERROR(IF(Sheet1!$F168="","",Sheet1!$F168+335),"") -> 46306 | I168: 45971 | J168: =IFERROR(IF(Sheet1!$I168="","",Sheet1!$I168+365),"") -> 46336 | K168: =IFERROR(IF(Sheet1!$I168="","",Sheet1!$I168+305),"") -> 46276
... A257: 256 | B257: Snehal Patil | C257: CPPSNSP | D257: snehal_patil@cathaypacific.com | E257: SSR | F257: 45992 | G257: =IFERROR(IF(Sheet1!$F257="","",Sheet1!$F257+365),"") -> 46357 | H257: =IFERROR(IF(Sheet1!$F257="","",Sheet1!$F257+335),"") -> 46327 | I257: 45992 | J257: =IFERROR(IF(Sheet1!$I257="","",Sheet1!$I257+365),"") -> 46357 | K257: =IFERROR(IF(Sheet1!$I257="","",Sheet1!$I257+305),"") -> 46297
A258: 257 | B258: Sonal Gonsalves | C258: CPPSONG | D258: sonal_ghosal@cathaypacific.com | E258: OPS | G258: =IFERROR(IF(Sheet1!$F258="","",Sheet1!$F258+365),"") | H258: =IFERROR(IF(Sheet1!$F258="","",Sheet1!$F258+335),"") | J258: =IFERROR(IF(Sheet1!$I258="","",Sheet1!$I258+365),"") | K258: =IFERROR(IF(Sheet1!$I258="","",Sheet1!$I258+305),"")
A259: 258 | B259: Sonalee Korgaonkar | C259: V027SOK | D259: V027SOK@cathaypacific.com | E259: SSR | F259: 45980 | G259: =IFERROR(IF(Sheet1!$F259="","",Sheet1!$F259+365),"") -> 46345 | H259: =IFERROR(IF(Sheet1!$F259="","",Sheet1!$F259+335),"") -> 46315 | I259: 45943 | J259: =IFERROR(IF(Sheet1!$I259="","",Sheet1!$I259+365),"") -> 46308 | K259: =IFERROR(IF(Sheet1!$I259="","",Sheet1!$I259+305),"") -> 46248
A260: 259 | B260: Sonali Haraskar | C260: V027SSH | D260: V027SSH@cathaypacific.com | E260: FLTB_PRT | F260: 45985 | G260: =IFERROR(IF(Sheet1!$F260="","",Sheet1!$F260+365),"") -> 46350 | H260: =IFERROR(IF(Sheet1!$F260="","",Sheet1!$F260+335),"") -> 46320 | I260: 45905 | J260: =IFERROR(IF(Sheet1!$I260="","",Sheet1!$I260+365),"") -> 46270 | K260: =IFERROR(IF(Sheet1!$I260="","",Sheet1!$I260+305),"") -> 46210
A261: 260 | B261: Sruthi Pallayil | C261: CPPSHRS | D261: shruti_sashidhar@cathaypacific.com | E261: FARES | F261: 45980 | G261: =IFERROR(IF(Sheet1!$F261="","",Sheet1!$F261+365),"") -> 46345 | H261: =IFERROR(IF(Sheet1!$F261="","",Sheet1!$F261+335),"") -> 46315 | I261: 45967 | J261: =IFERROR(IF(Sheet1!$I261="","",Sheet1!$I261+365),"") -> 46332 | K261: =IFERROR(IF(Sheet1!$I261="","",Sheet1!$I261+305),"") -> 46272
A262: 261 | B262: Stany Gomes | C262: CPPSTSG | D262: stany_gomes@cathaypacific.com | E262: SSR | F262: 45987 | G262: =IFERROR(IF(Sheet1!$F262="","",Sheet1!$F262+365),"") -> 46352 | H262: =IFERROR(IF(Sheet1!$F262="","",Sheet1!$F262+335),"") -> 46322 | I262: 45992 | J262: =IFERROR(IF(Sheet1!$I262="","",Sheet1!$I262+365),"") -> 46357 | K262: =IFERROR(IF(Sheet1!$I262="","",Sheet1!$I262+305),"") -> 46297
A263: 262 | B263: Suchita Chandorkar | C263: V027SSC | D263: suchita_chandorkar@cathaypacific.com | E263: DCQ | F263: 45982 | G263: =IFERROR(IF(Sheet1!$F263="","",Sheet1!$F263+365),"") -> 46347 | H263: =IFERROR(IF(Sheet1!$F263="","",Sheet1!$F263+335),"") -> 46317 | I263: 45910 | J263: =IFERROR(IF(Sheet1!$I263="","",Sheet1!$I263+365),"") -> 46275 | K263: =IFERROR(IF(Sheet1!$I263="","",Sheet1!$I263+305),"") -> 46215
A264: 263 | B264: Sudhir Gauda | C264: V027SUG | D264: V027SUG@cathaypacific.com | E264: FARES | F264: 45834 | G264: =IFERROR(IF(Sheet1!$F264="","",Sheet1!$F264+365),"") -> 46199 | H264: =IFERROR(IF(Sheet1!$F264="","",Sheet1!$F264+335),"") -> 46169 | I264: 45820 | J264: =IFERROR(IF(Sheet1!$I264="","",Sheet1!$I264+365),"") -> 46185 | K264: =IFERROR(IF(Sheet1!$I264="","",Sheet1!$I264+305),"") -> 46125
A265: 264 | B265: Suhel Khan | C265: CPPKHEL | D265: suhel_khan@cathaypacific.com | E265: FARES | F265: 46003 | G265: =IFERROR(IF(Sheet1!$F265="","",Sheet1!$F265+365),"") -> 46368 | H265: =IFERROR(IF(Sheet1!$F265="","",Sheet1!$F265+335),"") -> 46338 | I265: 45993 | J265: =IFERROR(IF(Sheet1!$I265="","",Sheet1!$I265+365),"") -> 46358 | K265: =IFERROR(IF(Sheet1!$I265="","",Sheet1!$I265+305),"") -> 46298
...
